<?xml version="1.0" encoding="UTF-8"?>
<!DOCTYPE mapper PUBLIC "-//mybatis.org//DTD Mapper 3.0//EN"
        "http://mybatis.org/dtd/mybatis-3-mapper.dtd">
<mapper namespace="com.easybbs.mappers.UserInfoMapper">

    <!--实体映射-->
    <resultMap id="base_result_map" type="com.easybbs.entity.po.UserInfo">
        <!--用户ID-->
        <result column="user_id" property="userId"/>
        <!--昵称-->
        <result column="nick_name" property="nickName"/>
        <!--邮箱-->
        <result column="email" property="email"/>
        <!--密码-->
        <result column="password" property="password"/>
        <!--0:女 1:男-->
        <result column="sex" property="sex"/>
        <!--个人描述-->
        <result column="person_description" property="personDescription"/>
        <!--加入时间-->
        <result column="join_time" property="joinTime"/>
        <!--最后登录时间-->
        <result column="last_login_time" property="lastLoginTime"/>
        <!--最后登录IP-->
        <result column="last_login_ip" property="lastLoginIp"/>
        <!--最后登录ip地址-->
        <result column="last_login_ip_address" property="lastLoginIpAddress"/>
        <!--积分-->
        <result column="total_integral" property="totalIntegral"/>
        <!--当前积分-->
        <result column="current_integral" property="currentIntegral"/>
        <!--0:禁用 1:正常-->
        <result column="status" property="status"/>
    </resultMap>


    <!-- 通用查询结果列-->
    <sql id="base_column_list">
        user_id
        ,nick_name,email,password,sex,
		 person_description,join_time,last_login_time,last_login_ip,last_login_ip_address,
		 total_integral,current_integral,status
    </sql>

    <sql id="base_condition_filed">
        <if test="query.userId != null and query.userId!=''">
            and user_id = #{query.userId}
        </if>
        <if test="query.nickName != null and query.nickName!=''">
            and nick_name = #{query.nickName}
        </if>
        <if test="query.email != null and query.email!=''">
            and email = #{query.email}
        </if>
        <if test="query.password != null and query.password!=''">
            and password = #{query.password}
        </if>
        <if test="query.sex != null">
            and sex = #{query.sex}
        </if>
        <if test="query.personDescription != null and query.personDescription!=''">
            and person_description = #{query.personDescription}
        </if>
        <if test="query.joinTime != null and query.joinTime!=''">
            <![CDATA[ and  join_time=str_to_date(#{query.joinTime}, '%Y-%m-%d') ]]>
        </if>
        <if test="query.lastLoginTime != null and query.lastLoginTime!=''">
            <![CDATA[ and  last_login_time=str_to_date(#{query.lastLoginTime}, '%Y-%m-%d') ]]>
        </if>
        <if test="query.lastLoginIp != null and query.lastLoginIp!=''">
            and last_login_ip = #{query.lastLoginIp}
        </if>
        <if test="query.lastLoginIpAddress != null and query.lastLoginIpAddress!=''">
            and last_login_ip_address = #{query.lastLoginIpAddress}
        </if>
        <if test="query.totalIntegral != null">
            and total_integral = #{query.totalIntegral}
        </if>
        <if test="query.currentIntegral != null">
            and current_integral = #{query.currentIntegral}
        </if>
        <if test="query.status != null">
            and status = #{query.status}
        </if>
    </sql>
    <!-- 通用条件列-->
    <sql id="base_condition">
        <where>
            <include refid="base_condition_filed"/>
        </where>
    </sql>

    <!-- 通用查询条件列-->
    <sql id="query_condition">
        <where>
            <include refid="base_condition_filed"/>
            <if test="query.userIdFuzzy!= null  and query.userIdFuzzy!=''">
                and user_id like concat('%', #{query.userIdFuzzy}, '%')
            </if>
            <if test="query.nickNameFuzzy!= null  and query.nickNameFuzzy!=''">
                and nick_name like concat('%', #{query.nickNameFuzzy}, '%')
            </if>
            <if test="query.emailFuzzy!= null  and query.emailFuzzy!=''">
                and email like concat('%', #{query.emailFuzzy}, '%')
            </if>
            <if test="query.passwordFuzzy!= null  and query.passwordFuzzy!=''">
                and password like concat('%', #{query.passwordFuzzy}, '%')
            </if>
            <if test="query.personDescriptionFuzzy!= null  and query.personDescriptionFuzzy!=''">
                and person_description like concat('%', #{query.personDescriptionFuzzy}, '%')
            </if>
            <if test="query.joinTimeStart!= null and query.joinTimeStart!=''">
                <![CDATA[ and  join_time>=str_to_date(#{query.joinTimeStart}, '%Y-%m-%d') ]]>
            </if>
            <if test="query.joinTimeEnd!= null and query.joinTimeEnd!=''">
                <![CDATA[ and  join_time< date_sub(str_to_date(#{query.joinTimeEnd},'%Y-%m-%d'),interval -1 day) ]]>
            </if>
            <if test="query.lastLoginTimeStart!= null and query.lastLoginTimeStart!=''">
                <![CDATA[ and  last_login_time>=str_to_date(#{query.lastLoginTimeStart}, '%Y-%m-%d') ]]>
            </if>
            <if test="query.lastLoginTimeEnd!= null and query.lastLoginTimeEnd!=''">
                <![CDATA[ and  last_login_time< date_sub(str_to_date(#{query.lastLoginTimeEnd},'%Y-%m-%d'),interval -1 day) ]]>
            </if>
            <if test="query.lastLoginIpFuzzy!= null  and query.lastLoginIpFuzzy!=''">
                and last_login_ip like concat('%', #{query.lastLoginIpFuzzy}, '%')
            </if>
            <if test="query.lastLoginIpAddressFuzzy!= null  and query.lastLoginIpAddressFuzzy!=''">
                and last_login_ip_address like concat('%', #{query.lastLoginIpAddressFuzzy}, '%')
            </if>
        </where>
    </sql>

    <!-- 查询集合-->
    <select id="selectList" resultMap="base_result_map">
        SELECT
        <include refid="base_column_list"/>
        FROM user_info
        <include refid="query_condition"/>
        <if test="query.orderBy!=null">
            order by ${query.orderBy}
        </if>
        <if test="query.simplePage!=null">
            limit #{query.simplePage.start},#{query.simplePage.end}
        </if>
    </select>

    <!-- 查询数量-->
    <select id="selectCount" resultType="java.lang.Integer">
        SELECT count(1) FROM user_info
        <include refid="query_condition"/>
    </select>

    <!-- 插入 （匹配有值的字段）-->
    <insert id="insert" parameterType="com.easybbs.entity.po.UserInfo">
        INSERT INTO user_info
        <trim prefix="(" suffix=")" suffixOverrides=",">
            <if test="bean.userId != null">
                user_id,
            </if>
            <if test="bean.nickName != null">
                nick_name,
            </if>
            <if test="bean.email != null">
                email,
            </if>
            <if test="bean.password != null">
                password,
            </if>
            <if test="bean.sex != null">
                sex,
            </if>
            <if test="bean.personDescription != null">
                person_description,
            </if>
            <if test="bean.joinTime != null">
                join_time,
            </if>
            <if test="bean.lastLoginTime != null">
                last_login_time,
            </if>
            <if test="bean.lastLoginIp != null">
                last_login_ip,
            </if>
            <if test="bean.lastLoginIpAddress != null">
                last_login_ip_address,
            </if>
            <if test="bean.totalIntegral != null">
                total_integral,
            </if>
            <if test="bean.currentIntegral != null">
                current_integral,
            </if>
            <if test="bean.status != null">
                status,
            </if>
        </trim>
        <trim prefix="values (" suffix=")" suffixOverrides=",">
            <if test="bean.userId!=null">
                #{bean.userId},
            </if>
            <if test="bean.nickName!=null">
                #{bean.nickName},
            </if>
            <if test="bean.email!=null">
                #{bean.email},
            </if>
            <if test="bean.password!=null">
                #{bean.password},
            </if>
            <if test="bean.sex!=null">
                #{bean.sex},
            </if>
            <if test="bean.personDescription!=null">
                #{bean.personDescription},
            </if>
            <if test="bean.joinTime!=null">
                #{bean.joinTime},
            </if>
            <if test="bean.lastLoginTime!=null">
                #{bean.lastLoginTime},
            </if>
            <if test="bean.lastLoginIp!=null">
                #{bean.lastLoginIp},
            </if>
            <if test="bean.lastLoginIpAddress!=null">
                #{bean.lastLoginIpAddress},
            </if>
            <if test="bean.totalIntegral!=null">
                #{bean.totalIntegral},
            </if>
            <if test="bean.currentIntegral!=null">
                #{bean.currentIntegral},
            </if>
            <if test="bean.status!=null">
                #{bean.status},
            </if>
        </trim>
    </insert>

    <!-- 插入或者更新 （匹配有值的字段）-->
    <insert id="insertOrUpdate" parameterType="com.easybbs.entity.po.UserInfo">
        INSERT INTO user_info
        <trim prefix="(" suffix=")" suffixOverrides=",">
            <if test="bean.userId != null">
                user_id,
            </if>
            <if test="bean.nickName != null">
                nick_name,
            </if>
            <if test="bean.email != null">
                email,
            </if>
            <if test="bean.password != null">
                password,
            </if>
            <if test="bean.sex != null">
                sex,
            </if>
            <if test="bean.personDescription != null">
                person_description,
            </if>
            <if test="bean.joinTime != null">
                join_time,
            </if>
            <if test="bean.lastLoginTime != null">
                last_login_time,
            </if>
            <if test="bean.lastLoginIp != null">
                last_login_ip,
            </if>
            <if test="bean.lastLoginIpAddress != null">
                last_login_ip_address,
            </if>
            <if test="bean.totalIntegral != null">
                total_integral,
            </if>
            <if test="bean.currentIntegral != null">
                current_integral,
            </if>
            <if test="bean.status != null">
                status,
            </if>
        </trim>
        <trim prefix="values (" suffix=")" suffixOverrides=",">
            <if test="bean.userId!=null">
                #{bean.userId},
            </if>
            <if test="bean.nickName!=null">
                #{bean.nickName},
            </if>
            <if test="bean.email!=null">
                #{bean.email},
            </if>
            <if test="bean.password!=null">
                #{bean.password},
            </if>
            <if test="bean.sex!=null">
                #{bean.sex},
            </if>
            <if test="bean.personDescription!=null">
                #{bean.personDescription},
            </if>
            <if test="bean.joinTime!=null">
                #{bean.joinTime},
            </if>
            <if test="bean.lastLoginTime!=null">
                #{bean.lastLoginTime},
            </if>
            <if test="bean.lastLoginIp!=null">
                #{bean.lastLoginIp},
            </if>
            <if test="bean.lastLoginIpAddress!=null">
                #{bean.lastLoginIpAddress},
            </if>
            <if test="bean.totalIntegral!=null">
                #{bean.totalIntegral},
            </if>
            <if test="bean.currentIntegral!=null">
                #{bean.currentIntegral},
            </if>
            <if test="bean.status!=null">
                #{bean.status},
            </if>
        </trim>
        on DUPLICATE key update
        <trim prefix="" suffix="" suffixOverrides=",">
            <if test="bean.userId!=null">
                user_id = VALUES(user_id),
            </if>
            <if test="bean.nickName!=null">
                nick_name = VALUES(nick_name),
            </if>
            <if test="bean.email!=null">
                email = VALUES(email),
            </if>
            <if test="bean.password!=null">
                password = VALUES(password),
            </if>
            <if test="bean.sex!=null">
                sex = VALUES(sex),
            </if>
            <if test="bean.personDescription!=null">
                person_description = VALUES(person_description),
            </if>
            <if test="bean.joinTime!=null">
                join_time = VALUES(join_time),
            </if>
            <if test="bean.lastLoginTime!=null">
                last_login_time = VALUES(last_login_time),
            </if>
            <if test="bean.lastLoginIp!=null">
                last_login_ip = VALUES(last_login_ip),
            </if>
            <if test="bean.lastLoginIpAddress!=null">
                last_login_ip_address = VALUES(last_login_ip_address),
            </if>
            <if test="bean.totalIntegral!=null">
                total_integral = VALUES(total_integral),
            </if>
            <if test="bean.currentIntegral!=null">
                current_integral = VALUES(current_integral),
            </if>
            <if test="bean.status!=null">
                status = VALUES(status),
            </if>
        </trim>
    </insert>

    <!-- 添加 （批量插入）-->
    <insert id="insertBatch" parameterType="com.easybbs.entity.po.UserInfo">
        INSERT INTO user_info(
        user_id,
        nick_name,
        email,
        password,
        sex,
        person_description,
        join_time,
        last_login_time,
        last_login_ip,
        last_login_ip_address,
        total_integral,
        current_integral,
        status
        )values
        <foreach collection="list" item="item" separator=",">
            (
            #{item.userId},
            #{item.nickName},
            #{item.email},
            #{item.password},
            #{item.sex},
            #{item.personDescription},
            #{item.joinTime},
            #{item.lastLoginTime},
            #{item.lastLoginIp},
            #{item.lastLoginIpAddress},
            #{item.totalIntegral},
            #{item.currentIntegral},
            #{item.status}
            )
        </foreach>
    </insert>

    <!-- 批量新增修改 （批量插入）-->
    <insert id="insertOrUpdateBatch" parameterType="com.easybbs.entity.po.UserInfo">
        INSERT INTO user_info(
        user_id,
        nick_name,
        email,
        password,
        sex,
        person_description,
        join_time,
        last_login_time,
        last_login_ip,
        last_login_ip_address,
        total_integral,
        current_integral,
        status
        )values
        <foreach collection="list" item="item" separator=",">
            (
            #{item.userId},
            #{item.nickName},
            #{item.email},
            #{item.password},
            #{item.sex},
            #{item.personDescription},
            #{item.joinTime},
            #{item.lastLoginTime},
            #{item.lastLoginIp},
            #{item.lastLoginIpAddress},
            #{item.totalIntegral},
            #{item.currentIntegral},
            #{item.status}
            )
        </foreach>
        on DUPLICATE key update
        user_id = VALUES(user_id),
        nick_name = VALUES(nick_name),
        email = VALUES(email),
        password = VALUES(password),
        sex = VALUES(sex),
        person_description = VALUES(person_description),
        join_time = VALUES(join_time),
        last_login_time = VALUES(last_login_time),
        last_login_ip = VALUES(last_login_ip),
        last_login_ip_address = VALUES(last_login_ip_address),
        total_integral = VALUES(total_integral),
        current_integral = VALUES(current_integral),
        status = VALUES(status)
    </insert>

    <!-- 根据UserId修改-->
    <update id="updateByUserId" parameterType="com.easybbs.entity.po.UserInfo">
        UPDATE user_info
        <set>
            <if test="bean.nickName != null">
                nick_name = #{bean.nickName},
            </if>
            <if test="bean.email != null">
                email = #{bean.email},
            </if>
            <if test="bean.password != null">
                password = #{bean.password},
            </if>
            <if test="bean.sex != null">
                sex = #{bean.sex},
            </if>
            <if test="bean.personDescription != null">
                person_description = #{bean.personDescription},
            </if>
            <if test="bean.joinTime != null">
                join_time = #{bean.joinTime},
            </if>
            <if test="bean.lastLoginTime != null">
                last_login_time = #{bean.lastLoginTime},
            </if>
            <if test="bean.lastLoginIp != null">
                last_login_ip = #{bean.lastLoginIp},
            </if>
            <if test="bean.lastLoginIpAddress != null">
                last_login_ip_address = #{bean.lastLoginIpAddress},
            </if>
            <if test="bean.totalIntegral != null">
                total_integral = #{bean.totalIntegral},
            </if>
            <if test="bean.currentIntegral != null">
                current_integral = #{bean.currentIntegral},
            </if>
            <if test="bean.status != null">
                status = #{bean.status},
            </if>
        </set>
        where user_id=#{userId}
    </update>

    <!-- 根据UserId删除-->
    <delete id="deleteByUserId">
        delete
        from user_info
        where user_id = #{userId}
    </delete>

    <!-- 根据PrimaryKey获取对象-->
    <select id="selectByUserId" resultMap="base_result_map">
        select
        <include refid="base_column_list"/>
        from user_info where user_id=#{userId}
    </select>

    <!-- 根据Email修改-->
    <update id="updateByEmail" parameterType="com.easybbs.entity.po.UserInfo">
        UPDATE user_info
        <set>
            <if test="bean.userId != null">
                user_id = #{bean.userId},
            </if>
            <if test="bean.nickName != null">
                nick_name = #{bean.nickName},
            </if>
            <if test="bean.password != null">
                password = #{bean.password},
            </if>
            <if test="bean.sex != null">
                sex = #{bean.sex},
            </if>
            <if test="bean.personDescription != null">
                person_description = #{bean.personDescription},
            </if>
            <if test="bean.joinTime != null">
                join_time = #{bean.joinTime},
            </if>
            <if test="bean.lastLoginTime != null">
                last_login_time = #{bean.lastLoginTime},
            </if>
            <if test="bean.lastLoginIp != null">
                last_login_ip = #{bean.lastLoginIp},
            </if>
            <if test="bean.lastLoginIpAddress != null">
                last_login_ip_address = #{bean.lastLoginIpAddress},
            </if>
            <if test="bean.totalIntegral != null">
                total_integral = #{bean.totalIntegral},
            </if>
            <if test="bean.currentIntegral != null">
                current_integral = #{bean.currentIntegral},
            </if>
            <if test="bean.status != null">
                status = #{bean.status},
            </if>
        </set>
        where email=#{email}
    </update>

    <!-- 根据Email删除-->
    <delete id="deleteByEmail">
        delete
        from user_info
        where email = #{email}
    </delete>

    <!-- 根据PrimaryKey获取对象-->
    <select id="selectByEmail" resultMap="base_result_map">
        select
        <include refid="base_column_list"/>
        from user_info where email=#{email}
    </select>

    <!-- 根据NickName修改-->
    <update id="updateByNickName" parameterType="com.easybbs.entity.po.UserInfo">
        UPDATE user_info
        <set>
            <if test="bean.userId != null">
                user_id = #{bean.userId},
            </if>
            <if test="bean.email != null">
                email = #{bean.email},
            </if>
            <if test="bean.password != null">
                password = #{bean.password},
            </if>
            <if test="bean.sex != null">
                sex = #{bean.sex},
            </if>
            <if test="bean.personDescription != null">
                person_description = #{bean.personDescription},
            </if>
            <if test="bean.joinTime != null">
                join_time = #{bean.joinTime},
            </if>
            <if test="bean.lastLoginTime != null">
                last_login_time = #{bean.lastLoginTime},
            </if>
            <if test="bean.lastLoginIp != null">
                last_login_ip = #{bean.lastLoginIp},
            </if>
            <if test="bean.lastLoginIpAddress != null">
                last_login_ip_address = #{bean.lastLoginIpAddress},
            </if>
            <if test="bean.totalIntegral != null">
                total_integral = #{bean.totalIntegral},
            </if>
            <if test="bean.currentIntegral != null">
                current_integral = #{bean.currentIntegral},
            </if>
            <if test="bean.status != null">
                status = #{bean.status},
            </if>
        </set>
        where nick_name=#{nickName}
    </update>

    <!-- 根据NickName删除-->
    <delete id="deleteByNickName">
        delete
        from user_info
        where nick_name = #{nickName}
    </delete>

    <!-- 根据PrimaryKey获取对象-->
    <select id="selectByNickName" resultMap="base_result_map">
        select
        <include refid="base_column_list"/>
        from user_info where nick_name=#{nickName}
    </select>
    <update id="updateIntegral">
        update user_info
        set current_integral = current_integral + #{integral}
        <if test="integral>0">
            ,total_integral =total_integral+#{integral}
        </if>
        where user_id = #{userId}
        <![CDATA[ and current_integral + #{integral} >= 0]]>
    </update>
</mapper>