{
  "id": "4004529",
  "name": "easybbs",
  "font_family": "iconfont",
  "css_prefix_text": "icon-",
  "description": "",
  "glyphs": [
    {
      "icon_id": "1444859",
      "name": "login",
      "font_class": "login",
      "unicode": "e7db",
      "unicode_decimal": 59355
    },
    {
      "icon_id": "2029473",
      "name": "integral",
      "font_class": "integral",
      "unicode": "e639",
      "unicode_decimal": 58937
    },
    {
      "icon_id": "4766966",
      "name": "man",
      "font_class": "man",
      "unicode": "e7e3",
      "unicode_decimal": 59363
    },
    {
      "icon_id": "6598354",
      "name": "woman",
      "font_class": "woman",
      "unicode": "e8f1",
      "unicode_decimal": 59633
    },
    {
      "icon_id": "16642811",
      "name": "register",
      "font_class": "register",
      "unicode": "e666",
      "unicode_decimal": 58982
    },
    {
      "icon_id": "22756891",
      "name": "edit",
      "font_class": "edit",
      "unicode": "e687",
      "unicode_decimal": 59015
    },
    {
      "icon_id": "22336091",
      "name": "change",
      "font_class": "change",
      "unicode": "e646",
      "unicode_decimal": 58950
    },
    {
      "icon_id": "6664150",
      "name": "del",
      "font_class": "del",
      "unicode": "e60d",
      "unicode_decimal": 58893
    },
    {
      "icon_id": "9769182",
      "name": "remove",
      "font_class": "remove1",
      "unicode": "e610",
      "unicode_decimal": 58896
    },
    {
      "icon_id": "9567587",
      "name": "more",
      "font_class": "more",
      "unicode": "e600",
      "unicode_decimal": 58880
    },
    {
      "icon_id": "4766917",
      "name": "image",
      "font_class": "image",
      "unicode": "e7de",
      "unicode_decimal": 59358
    },
    {
      "icon_id": "15838545",
      "name": "top",
      "font_class": "top",
      "unicode": "e681",
      "unicode_decimal": 59009
    },
    {
      "icon_id": "4766958",
      "name": "attachment",
      "font_class": "attachment",
      "unicode": "e7e1",
      "unicode_decimal": 59361
    },
    {
      "icon_id": "4766479",
      "name": "file-zip",
      "font_class": "file-zip",
      "unicode": "e7bb",
      "unicode_decimal": 59323
    },
    {
      "icon_id": "15838431",
      "name": "arrow-right",
      "font_class": "arrow-right",
      "unicode": "e665",
      "unicode_decimal": 58981
    },
    {
      "icon_id": "8017484",
      "name": "empty",
      "font_class": "empty",
      "unicode": "e6a6",
      "unicode_decimal": 59046
    },
    {
      "icon_id": "1512527",
      "name": "comment_fill_light",
      "font_class": "comment",
      "unicode": "e7e2",
      "unicode_decimal": 59362
    },
    {
      "icon_id": "4936668",
      "name": "eye-fill",
      "font_class": "eye",
      "unicode": "e869",
      "unicode_decimal": 59497
    },
    {
      "icon_id": "34452999",
      "name": "good-fill",
      "font_class": "good",
      "unicode": "e83b",
      "unicode_decimal": 59451
    },
    {
      "icon_id": "7454288",
      "name": "message",
      "font_class": "message",
      "unicode": "e6f2",
      "unicode_decimal": 59122
    },
    {
      "icon_id": "5635075",
      "name": "user",
      "font_class": "user",
      "unicode": "f2dc",
      "unicode_decimal": 62172
    },
    {
      "icon_id": "7008960",
      "name": "lock",
      "font_class": "lock",
      "unicode": "e709",
      "unicode_decimal": 59145
    },
    {
      "icon_id": "27107599",
      "name": "secured",
      "font_class": "secured",
      "unicode": "e65c",
      "unicode_decimal": 58972
    },
    {
      "icon_id": "9940279",
      "name": "search",
      "font_class": "search",
      "unicode": "e605",
      "unicode_decimal": 58885
    },
    {
      "icon_id": "9866677",
      "name": "add",
      "font_class": "add",
      "unicode": "e601",
      "unicode_decimal": 58881
    }
  ]
}
